{
  "project_info": {
    "project_number": "86014138204",
    "firebase_url": "https://teste-twiter.firebaseio.com",
    "project_id": "teste-twiter",
    "storage_bucket": "teste-twiter.appspot.com"
  },
  "client": [
    {
      "client_info": {
        "mobilesdk_app_id": "1:86014138204:android:ab05dac901531702",
        "android_client_info": {
          "package_name": "com.twiter.renatonogueira.twiiter"
        }
      },
      "oauth_client": [
        {
          "client_id": "86014138204-2tmoqvmm8m47dd3lhr46s9tjnvab0t2f.apps.googleusercontent.com",
          "client_type": 1,
          "android_info": {
            "package_name": "com.twiter.renatonogueira.twiiter",
            "certificate_hash": "b43122369febf528d60b52aca2ce8914290b784c"
          }
        },
        {
          "client_id": "86014138204-ftek01c5qeil76pju4vttnj7713otnu1.apps.googleusercontent.com",
          "client_type": 3
        }
      ],
      "api_key": [
        {
          "current_key": "AIzaSyDy1YxJqcxKs1DpMPUAdJGsnaMu_o7wzTY"
        }
      ],
      "services": {
        "analytics_service": {
          "status": 1
        },
        "appinvite_service": {
          "status": 2,
          "other_platform_oauth_client": [
            {
              "client_id": "86014138204-ftek01c5qeil76pju4vttnj7713otnu1.apps.googleusercontent.com",
              "client_type": 3
            }
          ]
        },
        "ads_service": {
          "status": 2
        }
      }
    }
  ],
  "configuration_version": "1"
}