{
  "project_info": {
    "project_number": "369047213175",
    "firebase_url": "https://sanguebomsd.firebaseio.com",
    "project_id": "sanguebomsd",
    "storage_bucket": "sanguebomsd.appspot.com"
  },
  "client": [
    {
      "client_info": {
        "mobilesdk_app_id": "1:369047213175:android:58dbffe2ada24152",
        "android_client_info": {
          "package_name": "sanguebom.sb.com.sanguebom"
        }
      },
      "oauth_client": [
        {
          "client_id": "369047213175-2hm56u7rsk2jil6qtcojdfij4lepu29q.apps.googleusercontent.com",
          "client_type": 1,
          "android_info": {
            "package_name": "sanguebom.sb.com.sanguebom",
            "certificate_hash": "b43122369febf528d60b52aca2ce8914290b784c"
          }
        },
        {
          "client_id": "369047213175-he1nt97lb5harm1b7ohmsj6vc0nhvd6i.apps.googleusercontent.com",
          "client_type": 3
        }
      ],
      "api_key": [
        {
          "current_key": "AIzaSyDGyoR_RxYP6ffuKKnATVtVMsRe9FcMU_s"
        }
      ],
      "services": {
        "analytics_service": {
          "status": 1
        },
        "appinvite_service": {
          "status": 2,
          "other_platform_oauth_client": [
            {
              "client_id": "369047213175-he1nt97lb5harm1b7ohmsj6vc0nhvd6i.apps.googleusercontent.com",
              "client_type": 3
            }
          ]
        },
        "ads_service": {
          "status": 2
        }
      }
    }
  ],
  "configuration_version": "1"
}