{
  "project_info": {
    "project_number": "539973947380",
    "firebase_url": "https://sangue-bom-229305.firebaseio.com",
    "project_id": "sangue-bom-229305",
    "storage_bucket": "sangue-bom-229305.appspot.com"
  },
  "client": [
    {
      "client_info": {
        "mobilesdk_app_id": "1:539973947380:android:27d689d63f1b7a06",
        "android_client_info": {
          "package_name": "com.google.samples.quickstart.signin"
        }
      },
      "oauth_client": [
        {
          "client_id": "539973947380-76gkf2k7kdocnq691o4tagjq6i9tkm9b.apps.googleusercontent.com",
          "client_type": 1,
          "android_info": {
            "package_name": "com.google.samples.quickstart.signin",
            "certificate_hash": "b43122369febf528d60b52aca2ce8914290b784c"
          }
        },
        {
          "client_id": "539973947380-m9lj47unjpqaujejqbvdbi1ksaud3sop.apps.googleusercontent.com",
          "client_type": 3
        }
      ],
      "api_key": [
        {
          "current_key": "AIzaSyAQPSIpk7q8hym_jkl25mmhRHnpYm0zXOI"
        }
      ],
      "services": {
        "analytics_service": {
          "status": 1
        },
        "appinvite_service": {
          "status": 2,
          "other_platform_oauth_client": [
            {
              "client_id": "539973947380-m9lj47unjpqaujejqbvdbi1ksaud3sop.apps.googleusercontent.com",
              "client_type": 3
            }
          ]
        },
        "ads_service": {
          "status": 2
        }
      }
    }
  ],
  "configuration_version": "1"
}